id,title,description,category,price,discountPercentage,rating,stock,tags,brand,sku,weight,dimensions_width,dimensions_height,dimensions_depth,warrantyInformation,shippingInformation,availabilityStatus,reviews,returnPolicy,minimumOrderQuantity,meta_createdAt,meta_updatedAt,meta_barcode,meta_qrCode,images,thumbnail
1,Essence Mascara Lash Princess,The Essence Mascara Lash Princess is a popular mascara known for its volumizing and lengthening effects. Achieve dramatic lashes with this long-lasting and cruelty-free formula.,beauty,9.99,7.17,4.94,5,'["beauty", "mascara"]',Essence,RCH45Q1A,2,23.17,14.43,28.01,1 month warranty,Ships in 1 month,Low Stock,'[{"rating": 2, "comment": "Very unhappy with my purchase!", "date": "2024-05-23T08:56:21.618Z", "reviewerName": "John Doe", "reviewerEmail": "john.doe@x.dummyjson.com"}, {"rating": 2, "comment": "Not as described!", "date": "2024-05-23T08:56:21.618Z", "reviewerName": "Nolan Gonzalez", "reviewerEmail": "nolan.gonzalez@x.dummyjson.com"}, {"rating": 5, "comment": "Very satisfied!", "date": "2024-05-23T08:56:21.618Z", "reviewerName": "Scarlett Wright", "reviewerEmail": "scarlett.wright@x.dummyjson.com"}]',30 days return policy,24,2024-05-23T08:56:21.618Z,2024-05-23T08:56:21.618Z,9164035109868,https://dummyjson.com/public/qr-code.png,["https://cdn.dummyjson.com/products/images/beauty/Essence%20Mascara%20Lash%20Princess/1.png"],https://cdn.dummyjson.com/products/images/beauty/Essence%20Mascara%20Lash%20Princess/thumbnail.png
2,Eyeshadow Palette with Mirror,'The Eyeshadow Palette with Mirror offers a versatile range of eyeshadow shades for creating stunning eye looks. With a built-in mirror, it''s convenient for on-the-go makeup application.',beauty,19.99,5.5,3.28,44,'["beauty", "eyeshadow"]',Glamour Beauty,MVCFH27F,3,12.42,8.63,29.13,1 year warranty,Ships in 2 weeks,In Stock,'[{"rating": 4, "comment": "Very satisfied!", "date": "2024-05-23T08:56:21.618Z", "reviewerName": "Liam Garcia", "reviewerEmail": "liam.garcia@x.dummyjson.com"}, {"rating": 1, "comment": "Very disappointed!", "date": "2024-05-23T08:56:21.618Z", "reviewerName": "Nora Russell", "reviewerEmail": "nora.russell@x.dummyjson.com"}, {"rating": 5, "comment": "Highly impressed!", "date": "2024-05-23T08:56:21.618Z", "reviewerName": "Elena Baker", "reviewerEmail": "elena.baker@x.dummyjson.com"}]',30 days return policy,32,2024-05-23T08:56:21.618Z,2024-05-23T08:56:21.618Z,2817839095220,https://dummyjson.com/public/qr-code.png,["https://cdn.dummyjson.com/products/images/beauty/Eyeshadow%20Palette%20with%20Mirror/1.png"],https://cdn.dummyjson.com/products/images/beauty/Eyeshadow%20Palette%20with%20Mirror/thumbnail.png
3,Powder Canister,'The Powder Canister is a finely milled setting powder designed to set makeup and control shine. With a lightweight and translucent formula, it provides a smooth and matte finish.',beauty,14.99,18.14,3.82,59,'["beauty", "face powder"]',Velvet Touch,9EN8WLT2,8,24.16,10.7,11.07,2 year warranty,Ships in 1-2 business days,In Stock,'[{"rating": 5, "comment": "Very happy with my purchase!", "date": "2024-05-23T08:56:21.618Z", "reviewerName": "Ethan Thompson", "reviewerEmail": "ethan.thompson@x.dummyjson.com"}, {"rating": 4, "comment": "Great value for money!", "date": "2024-05-23T08:56:21.618Z", "reviewerName": "Levi Hicks", "reviewerEmail": "levi.hicks@x.dummyjson.com"}, {"rating": 5, "comment": "Highly impressed!", "date": "2024-05-23T08:56:21.618Z", "reviewerName": "Hazel Gardner", "reviewerEmail": "hazel.gardner@x.dummyjson.com"}]',60 days return policy,25,2024-05-23T08:56:21.618Z,2024-05-23T08:56:21.618Z,0516267971277,https://dummyjson.com/public/qr-code.png,["https://cdn.dummyjson.com/products/images/beauty/Powder%20Canister/1.png"],https://cdn.dummyjson.com/products/images/beauty/Powder%20Canister/thumbnail.png
4,Red Lipstick,'The Red Lipstick is a classic and bold choice for adding a pop of color to your lips. With a creamy and pigmented formula, it provides a vibrant and long-lasting finish.',beauty,12.99,19.03,2.51,68,'["beauty", "lipstick"]',Chic Cosmetics,O5IF1NTA,5,14.37,13.94,14.6,Lifetime warranty,Ships in 2 weeks,In Stock,'[{"rating": 5, "comment": "Great product!", "date": "2024-05-23T08:56:21.619Z", "reviewerName": "Leo Rivera", "reviewerEmail": "leo.rivera@x.dummyjson.com"}, {"rating": 4, "comment": "Very pleased!", "date": "2024-05-23T08:56:21.619Z", "reviewerName": "Oscar Powers", "reviewerEmail": "oscar.powers@x.dummyjson.com"}, {"rating": 5, "comment": "Very pleased!", "date": "2024-05-23T08:56:21.619Z", "reviewerName": "Carter Rivera", "reviewerEmail": "carter.rivera@x.dummyjson.com"}]',90 days return policy,6,2024-05-23T08:56:21.619Z,2024-05-23T08:56:21.619Z,9444582199406,https://dummyjson.com/public/qr-code.png,["https://cdn.dummyjson.com/products/images/beauty/Red%20Lipstick/1.png"],https://cdn.dummyjson.com/products/images/beauty/Red%20Lipstick/thumbnail.png
5,Red Nail Polish,'The Red Nail Polish offers a rich and glossy red hue for vibrant and polished nails. With a quick-drying formula, it provides a salon-quality finish at home.',beauty,8.99,2.46,3.91,71,'["beauty", "nail polish"]',Nail Couture,YUIIIP4W,9,8.11,10.89,29.06,1 year warranty,Ships in 1 week,In Stock,'[{"rating": 5, "comment": "Very pleased!", "date": "2024-05-23T08:56:21.619Z", "reviewerName": "Leo Rivera", "reviewerEmail": "leo.rivera@x.dummyjson.com"}, {"rating": 5, "comment": "Great product!", "date": "2024-05-23T08:56:21.619Z", "reviewerName": "Evan Reed", "reviewerEmail": "evan.reed@x.dummyjson.com"}, {"rating": 4, "comment": "Highly recommended!", "date": "2024-05-23T08:56:21.619Z", "reviewerName": "Evelyn Sanchez", "reviewerEmail": "evelyn.sanchez@x.dummyjson.com"}]',No return policy,46,2024-05-23T08:56:21.619Z,2024-05-23T08:56:21.619Z,3212847902461,https://dummyjson.com/public/qr-code.png,["https://cdn.dummyjson.com/products/images/beauty/Red%20Nail%20Polish/1.png"],https://cdn.dummyjson.com/products/images/beauty/Red%20Nail%20Polish/thumbnail.png
6,Calvin Klein CK One,'CK One by Calvin Klein is a classic unisex fragrance, known for its fresh and clean scent. It''s a versatile fragrance suitable for everyday wear.',fragrances,49.99,0.32,4.85,17,'["fragrances", "perfumes"]',Calvin Klein,DZM2JQZE,5,11.53,14.44,6.81,5 year warranty,Ships overnight,In Stock,'[{"rating": 5, "comment": "Great value for money!", "date": "2024-05-23T08:56:21.619Z", "reviewerName": "Sophia Brown", "reviewerEmail": "sophia.brown@x.dummyjson.com"}, {"rating": 3, "comment": "Very disappointed!", "date": "2024-05-23T08:56:21.619Z", "reviewerName": "Madison Collins", "reviewerEmail": "madison.collins@x.dummyjson.com"}, {"rating": 1, "comment": "Poor quality!", "date": "2024-05-23T08:56:21.619Z", "reviewerName": "Maya Reed", "reviewerEmail": "maya.reed@x.dummyjson.com"}]',No return policy,20,2024-05-23T08:56:21.619Z,2024-05-23T08:56:21.619Z,2210136215089,https://dummyjson.com/public/qr-code.png,'["https://cdn.dummyjson.com/products/images/fragrances/Calvin%20Klein%20CK%20One/1.png", "https://cdn.dummyjson.com/products/images/fragrances/Calvin%20Klein%20CK%20One/2.png", "https://cdn.dummyjson.com/products/images/fragrances/Calvin%20Klein%20CK%20One/3.png"]',https://cdn.dummyjson.com/products/images/fragrances/Calvin%20Klein%20CK%20One/thumbnail.png
7,Chanel Coco Noir Eau De,'Coco Noir by Chanel is an elegant and mysterious fragrance, featuring notes of grapefruit, rose, and sandalwood. Perfect for evening occasions.',fragrances,129.99,18.64,2.76,41,'["fragrances", "perfumes"]',Chanel,K71HBCGS,4,21.27,28,11.89,1 week warranty,Ships in 1 month,In Stock,'[{"rating": 1, "comment": "Disappointing product!", "date": "2024-05-23T08:56:21.619Z", "reviewerName": "Lincoln Kelly", "reviewerEmail": "lincoln.kelly@x.dummyjson.com"}, {"rating": 4, "comment": "Great product!", "date": "2024-05-23T08:56:21.619Z", "reviewerName": "Lincoln Kelly", "reviewerEmail": "lincoln.kelly@x.dummyjson.com"}, {"rating": 4, "comment": "Excellent quality!", "date": "2024-05-23T08:56:21.619Z", "reviewerName": "Lucas Allen", "reviewerEmail": "lucas.allen@x.dummyjson.com"}]',60 days return policy,5,2024-05-23T08:56:21.619Z,2024-05-23T08:56:21.619Z,1435582999795,https://dummyjson.com/public/qr-code.png,'["https://cdn.dummyjson.com/products/images/fragrances/Chanel%20Coco%20Noir%20Eau%20De/1.png", "https://cdn.dummyjson.com/products/images/fragrances/Chanel%20Coco%20Noir%20Eau%20De/2.png", "https://cdn.dummyjson.com/products/images/fragrances/Chanel%20Coco%20Noir%20Eau%20De/3.png"]',https://cdn.dummyjson.com/products/images/fragrances/Chanel%20Coco%20Noir%20Eau%20De/thumbnail.png
8,'Dior J''adore','J''adore by Dior is a luxurious and floral fragrance, known for its blend of ylang-ylang, rose, and jasmine. It embodies femininity and sophistication.',fragrances,89.99,17.44,3.31,91,'["fragrances", "perfumes"]',Dior,E70NB03B,10,21.51,7,26.51,Lifetime warranty,Ships in 2 weeks,In Stock,'[{"rating": 5, "comment": "Fast shipping!", "date": "2024-05-23T08:56:21.619Z", "reviewerName": "Zoe Nicholson", "reviewerEmail": "zoe.nicholson@x.dummyjson.com"}, {"rating": 4, "comment": "Excellent quality!", "date": "2024-05-23T08:56:21.619Z", "reviewerName": "Addison Wright", "reviewerEmail": "addison.wright@x.dummyjson.com"}, {"rating": 4, "comment": "Would buy again!", "date": "2024-05-23T08:56:21.619Z", "reviewerName": "Clara Berry", "reviewerEmail": "clara.berry@x.dummyjson.com"}]',7 days return policy,8,2024-05-23T08:56:21.619Z,2024-05-23T08:56:21.619Z,0887083199279,https://dummyjson.com/public/qr-code.png,'["https://cdn.dummyjson.com/products/images/fragrances/Dior%20J''adore/1.png", "https://cdn.dummyjson.com/products/images/fragrances/Dior%20J''adore/2.png", "https://cdn.dummyjson.com/products/images/fragrances/Dior%20J''adore/3.png"]','https://cdn.dummyjson.com/products/images/fragrances/Dior%20J''adore/thumbnail.png'
9,Dolce Shine Eau de,'Dolce Shine by Dolce & Gabbana is a vibrant and fruity fragrance, featuring notes of mango, jasmine, and blonde woods. It''s a joyful and youthful scent.',fragrances,69.99,11.47,2.68,3,'["fragrances", "perfumes"]',Dolce & Gabbana,1NBFK980,5,17,24.57,13.3,5 year warranty,Ships in 1-2 business days,Low Stock,'[{"rating": 4, "comment": "Very satisfied!", "date": "2024-05-23T08:56:21.619Z", "reviewerName": "Xavier Wright", "reviewerEmail": "xavier.wright@x.dummyjson.com"}, {"rating": 1, "comment": "Poor quality!", "date": "2024-05-23T08:56:21.619Z", "reviewerName": "Mila Hernandez", "reviewerEmail": "mila.hernandez@x.dummyjson.com"}, {"rating": 5, "comment": "Very happy with my purchase!", "date": "2024-05-23T08:56:21.619Z", "reviewerName": "Sophia Brown", "reviewerEmail": "sophia.brown@x.dummyjson.com"}]',30 days return policy,9,2024-05-23T08:56:21.619Z,2024-05-23T08:56:21.619Z,1939383392674,https://dummyjson.com/public/qr-code.png,'["https://cdn.dummyjson.com/products/images/fragrances/Dolce%20Shine%20Eau%20de/1.png", "https://cdn.dummyjson.com/products/images/fragrances/Dolce%20Shine%20Eau%20de/2.png", "https://cdn.dummyjson.com/products/images/fragrances/Dolce%20Shine%20Eau%20de/3.png"]',https://cdn.dummyjson.com/products/images/fragrances/Dolce%20Shine%20Eau%20de/thumbnail.png
10,Gucci Bloom Eau de,'Gucci Bloom by Gucci is a floral and captivating fragrance, with notes of tuberose, jasmine, and Rangoon creeper. It''s a modern and romantic scent.',fragrances,79.99,8.9,2.69,93,'["fragrances", "perfumes"]',Gucci,FFKZ6HOF,10,22.28,17.81,27.18,No warranty,Ships in 2 weeks,In Stock,'[{"rating": 5, "comment": "Great value for money!", "date": "2024-05-23T08:56:21.620Z", "reviewerName": "Aria Parker", "reviewerEmail": "aria.parker@x.dummyjson.com"}, {"rating": 4, "comment": "Excellent quality!", "date": "2024-05-23T08:56:21.620Z", "reviewerName": "Natalie Harris", "reviewerEmail": "natalie.harris@x.dummyjson.com"}, {"rating": 4, "comment": "Fast shipping!", "date": "2024-05-23T08:56:21.620Z", "reviewerName": "Ava Harris", "reviewerEmail": "ava.harris@x.dummyjson.com"}]',No return policy,10,2024-05-23T08:56:21.620Z,2024-05-23T08:56:21.620Z,8232190382069,https://dummyjson.com/public/qr-code.png,'["https://cdn.dummyjson.com/products/images/fragrances/Gucci%20Bloom%20Eau%20de/1.png", "https://cdn.dummyjson.com/products/images/fragrances/Gucci%20Bloom%20Eau%20de/2.png", "https://cdn.dummyjson.com/products/images/fragrances/Gucci%20Bloom%20Eau%20de/3.png"]',https://cdn.dummyjson.com/products/images/fragrances/Gucci%20Bloom%20Eau%20de/thumbnail.png
11,Annibale Colombo Bed,'The Annibale Colombo Bed is a luxurious and elegant bed frame, crafted with high-quality materials for a comfortable and stylish bedroom.',furniture,1899.99,0.29,4.14,47,'["furniture", "beds"]',Annibale Colombo,4KMDTZWF,3,28.75,26.88,24.47,2 year warranty,Ships overnight,In Stock,'[{"rating": 4, "comment": "Great value for money!", "date": "2024-05-23T08:56:21.620Z", "reviewerName": "Julian Newton", "reviewerEmail": "julian.newton@x.dummyjson.com"}, {"rating": 5, "comment": "Would buy again!", "date": "2024-05-23T08:56:21.620Z", "reviewerName": "Madison Collins", "reviewerEmail": "madison.collins@x.dummyjson.com"}, {"rating": 4, "comment": "Would buy again!", "date": "2024-05-23T08:56:21.620Z", "reviewerName": "Clara Berry", "reviewerEmail": "clara.berry@x.dummyjson.com"}]',7 days return policy,1,2024-05-23T08:56:21.620Z,2024-05-23T08:56:21.620Z,7113807059215,https://dummyjson.com/public/qr-code.png,'["https://cdn.dummyjson.com/products/images/furniture/Annibale%20Colombo%20Bed/1.png", "https://cdn.dummyjson.com/products/images/furniture/Annibale%20Colombo%20Bed/2.png", "https://cdn.dummyjson.com/products/images/furniture/Annibale%20Colombo%20Bed/3.png"]',https://cdn.dummyjson.com/products/images/furniture/Annibale%20Colombo%20Bed/thumbnail.png
12,Annibale Colombo Sofa,'The Annibale Colombo Sofa is a sophisticated and comfortable seating option, featuring exquisite design and premium upholstery for your living room.',furniture,2499.99,18.54,3.08,16,'["furniture", "sofas"]',Annibale Colombo,LUU95CQP,3,20.97,19.11,25.81,1 month warranty,Ships overnight,In Stock,'[{"rating": 5, "comment": "Very satisfied!", "date": "2024-05-23T08:56:21.620Z", "reviewerName": "Tyler Davis", "reviewerEmail": "tyler.davis@x.dummyjson.com"}, {"rating": 5, "comment": "Excellent quality!", "date": "2024-05-23T08:56:21.620Z", "reviewerName": "Hannah Robinson", "reviewerEmail": "hannah.robinson@x.dummyjson.com"}, {"rating": 3, "comment": "Waste of money!", "date": "2024-05-23T08:56:21.620Z", "reviewerName": "Madison Collins", "reviewerEmail": "madison.collins@x.dummyjson.com"}]',7 days return policy,1,2024-05-23T08:56:21.620Z,2024-05-23T08:56:21.620Z,0426785817074,https://dummyjson.com/public/qr-code.png,'["https://cdn.dummyjson.com/products/images/furniture/Annibale%20Colombo%20Sofa/1.png", "https://cdn.dummyjson.com/products/images/furniture/Annibale%20Colombo%20Sofa/2.png", "https://cdn.dummyjson.com/products/images/furniture/Annibale%20Colombo%20Sofa/3.png"]',https://cdn.dummyjson.com/products/images/furniture/Annibale%20Colombo%20Sofa/thumbnail.png
13,Bedside Table African Cherry,'The Bedside Table in African Cherry is a stylish and functional addition to your bedroom, providing convenient storage space and a touch of elegance.',furniture,299.99,9.58,4.48,16,'["furniture", "bedside tables"]',Furniture Co.,OWPLTZYX,10,25.43,20.2,24.95,6 months warranty,Ships in 1-2 business days,In Stock,'[{"rating": 5, "comment": "Very happy with my purchase!", "date": "2024-05-23T08:56:21.620Z", "reviewerName": "John Doe", "reviewerEmail": "john.doe@x.dummyjson.com"}, {"rating": 4, "comment": "Highly recommended!", "date": "2024-05-23T08:56:21.620Z", "reviewerName": "Avery Carter", "reviewerEmail": "avery.carter@x.dummyjson.com"}, {"rating": 4, "comment": "Very pleased!", "date": "2024-05-23T08:56:21.620Z", "reviewerName": "Evelyn Sanchez", "reviewerEmail": "evelyn.sanchez@x.dummyjson.com"}]',No return policy,5,2024-05-23T08:56:21.620Z,2024-05-23T08:56:21.620Z,2913244159666,https://dummyjson.com/public/qr-code.png,'["https://cdn.dummyjson.com/products/images/furniture/Bedside%20Table%20African%20Cherry/1.png", "https://cdn.dummyjson.com/products/images/furniture/Bedside%20Table%20African%20Cherry/2.png", "https://cdn.dummyjson.com/products/images/furniture/Bedside%20Table%20African%20Cherry/3.png"]',https://cdn.dummyjson.com/products/images/furniture/Bedside%20Table%20African%20Cherry/thumbnail.png
14,Knoll Saarinen Executive Conference Chair,'The Knoll Saarinen Executive Conference Chair is a modern and ergonomic chair, perfect for your office or conference room with its timeless design.',furniture,499.99,15.23,4.11,47,'["furniture", "office chairs"]',Knoll,RKHVJ4FE,3,16.59,21.46,29.07,Lifetime warranty,Ships in 3-5 business days,In Stock,'[{"rating": 4, "comment": "Very happy with my purchase!", "date": "2024-05-23T08:56:21.620Z", "reviewerName": "Leah Gutierrez", "reviewerEmail": "leah.gutierrez@x.dummyjson.com"}, {"rating": 4, "comment": "Would buy again!", "date": "2024-05-23T08:56:21.620Z", "reviewerName": "Nolan Gonzalez", "reviewerEmail": "nolan.gonzalez@x.dummyjson.com"}, {"rating": 2, "comment": "Waste of money!", "date": "2024-05-23T08:56:21.620Z", "reviewerName": "Stella Morris", "reviewerEmail": "stella.morris@x.dummyjson.com"}]',30 days return policy,5,2024-05-23T08:56:21.620Z,2024-05-23T08:56:21.620Z,0726316339746,https://dummyjson.com/public/qr-code.png,'["https://cdn.dummyjson.com/products/images/furniture/Knoll%20Saarinen%20Executive%20Conference%20Chair/1.png", "https://cdn.dummyjson.com/products/images/furniture/Knoll%20Saarinen%20Executive%20Conference%20Chair/2.png", "https://cdn.dummyjson.com/products/images/furniture/Knoll%20Saarinen%20Executive%20Conference%20Chair/3.png"]',https://cdn.dummyjson.com/products/images/furniture/Knoll%20Saarinen%20Executive%20Conference%20Chair/thumbnail.png
15,Wooden Bathroom Sink With Mirror,'The Wooden Bathroom Sink with Mirror is a unique and stylish addition to your bathroom, featuring a wooden sink countertop and a matching mirror.',furniture,799.99,11.22,3.26,95,'["furniture", "bathroom"]',Bath Trends,7OLTIEVO,6,7.32,22.64,12.37,6 months warranty,Ships in 3-5 business days,In Stock,'[{"rating": 5, "comment": "Highly recommended!", "date": "2024-05-23T08:56:21.620Z", "reviewerName": "Charlotte Lopez", "reviewerEmail": "charlotte.lopez@x.dummyjson.com"}, {"rating": 1, "comment": "Would not recommend!", "date": "2024-05-23T08:56:21.620Z", "reviewerName": "William Gonzalez", "reviewerEmail": "william.gonzalez@x.dummyjson.com"}, {"rating": 2, "comment": "Not worth the price!", "date": "2024-05-23T08:56:21.620Z", "reviewerName": "Ava Harrison", "reviewerEmail": "ava.harrison@x.dummyjson.com"}]',7 days return policy,1,2024-05-23T08:56:21.620Z,2024-05-23T08:56:21.620Z,7839797529453,https://dummyjson.com/public/qr-code.png,'["https://cdn.dummyjson.com/products/images/furniture/Wooden%20Bathroom%20Sink%20With%20Mirror/1.png", "https://cdn.dummyjson.com/products/images/furniture/Wooden%20Bathroom%20Sink%20With%20Mirror/2.png", "https://cdn.dummyjson.com/products/images/furniture/Wooden%20Bathroom%20Sink%20With%20Mirror/3.png"]',https://cdn.dummyjson.com/products/images/furniture/Wooden%20Bathroom%20Sink%20With%20Mirror/thumbnail.png
16,Apple,'Fresh and crisp apples, perfect for snacking or incorporating into various recipes.',groceries,1.99,1.97,2.96,9,["fruits"],QTROUV79,8,8.29,5.58,12.41,2 year warranty,Ships in 2 weeks,In Stock,'[{"rating": 4, "comment": "Great product!", "date": "2024-05-23T08:56:21.620Z", "reviewerName": "Logan Lee", "reviewerEmail": "logan.lee@x.dummyjson.com"}, {"rating": 4, "comment": "Great product!", "date": "2024-05-23T08:56:21.620Z", "reviewerName": "Elena Long", "reviewerEmail": "elena.long@x.dummyjson.com"}, {"rating": 1, "comment": "Not as described!", "date": "2024-05-23T08:56:21.620Z", "reviewerName": "Grayson Coleman", "reviewerEmail": "grayson.coleman@x.dummyjson.com"}]',60 days return policy,44,2024-05-23T08:56:21.620Z,2024-05-23T08:56:21.620Z,2517819903837,https://dummyjson.com/public/qr-code.png,["https://cdn.dummyjson.com/products/images/groceries/Apple/1.png"],https://cdn.dummyjson.com/products/images/groceries/Apple/thumbnail.png
17,Beef Steak,'High-quality beef steak, great for grilling or cooking to your preferred level of doneness.',groceries,12.99,17.99,2.83,96,["meat"],BWWA2MSO,9,23.35,13.48,26.4,1 month warranty,Ships overnight,In Stock,'[{"rating": 4, "comment": "Very pleased!", "date": "2024-05-23T08:56:21.620Z", "reviewerName": "Ethan Martinez", "reviewerEmail": "ethan.martinez@x.dummyjson.com"}, {"rating": 3, "comment": "Disappointing product!", "date": "2024-05-23T08:56:21.620Z", "reviewerName": "Owen Fisher", "reviewerEmail": "owen.fisher@x.dummyjson.com"}, {"rating": 4, "comment": "Very happy with my purchase!", "date": "2024-05-23T08:56:21.620Z", "reviewerName": "Scarlett Wright", "reviewerEmail": "scarlett.wright@x.dummyjson.com"}]',90 days return policy,21,2024-05-23T08:56:21.620Z,2024-05-23T08:56:21.620Z,8335515097879,https://dummyjson.com/public/qr-code.png,["https://cdn.dummyjson.com/products/images/groceries/Beef%20Steak/1.png"],https://cdn.dummyjson.com/products/images/groceries/Beef%20Steak/thumbnail.png
18,Cat Food,Nutritious cat food formulated to meet the dietary needs of your feline friend.,groceries,8.99,9.57,2.88,13,'["pet supplies", "cat food"]',C3F8QN6O,9,15.4,13.97,25.13,3 months warranty,Ships in 1-2 business days,In Stock,'[{"rating": 5, "comment": "Very pleased!", "date": "2024-05-23T08:56:21.620Z", "reviewerName": "Mateo Bennett", "reviewerEmail": "mateo.bennett@x.dummyjson.com"}, {"rating": 5, "comment": "Very pleased!", "date": "2024-05-23T08:56:21.620Z", "reviewerName": "Aurora Barnes", "reviewerEmail": "aurora.barnes@x.dummyjson.com"}, {"rating": 5, "comment": "Great value for money!", "date": "2024-05-23T08:56:21.620Z", "reviewerName": "Ellie Stewart", "reviewerEmail": "ellie.stewart@x.dummyjson.com"}]',7 days return policy,48,2024-05-23T08:56:21.620Z,2024-05-23T08:56:21.620Z,5503491330693,https://dummyjson.com/public/qr-code.png,["https://cdn.dummyjson.com/products/images/groceries/Cat%20Food/1.png"],https://cdn.dummyjson.com/products/images/groceries/Cat%20Food/thumbnail.png
19,Chicken Meat,'Fresh and tender chicken meat, suitable for various culinary preparations.',groceries,9.99,10.46,4.61,69,["meat"],G5YEHW7B,7,15.96,29.24,26.25,Lifetime warranty,Ships in 1 month,In Stock,'[{"rating": 5, "comment": "Very satisfied!", "date": "2024-05-23T08:56:21.620Z", "reviewerName": "Sophia Jones", "reviewerEmail": "sophia.jones@x.dummyjson.com"}, {"rating": 5, "comment": "Great value for money!", "date": "2024-05-23T08:56:21.620Z", "reviewerName": "Maya Reed", "reviewerEmail": "maya.reed@x.dummyjson.com"}, {"rating": 4, "comment": "Highly recommended!", "date": "2024-05-23T08:56:21.620Z", "reviewerName": "Harper Turner", "reviewerEmail": "harper.turner@x.dummyjson.com"}]',7 days return policy,46,2024-05-23T08:56:21.620Z,2024-05-23T08:56:21.620Z,0966223559510,https://dummyjson.com/public/qr-code.png,'["https://cdn.dummyjson.com/products/images/groceries/Chicken%20Meat/1.png", "https://cdn.dummyjson.com/products/images/groceries/Chicken%20Meat/2.png"]',https://cdn.dummyjson.com/products/images/groceries/Chicken%20Meat/thumbnail.png
20,Cooking Oil,'Versatile cooking oil suitable for frying, sautéing, and various culinary applications.',groceries,4.99,18.89,4.01,22,["cooking essentials"],Q6ZP1UY8,8,8.18,27.45,27.88,Lifetime warranty,Ships in 1 month,In Stock,'[{"rating": 5, "comment": "Would buy again!", "date": "2024-05-23T08:56:21.620Z", "reviewerName": "Mason Parker", "reviewerEmail": "mason.parker@x.dummyjson.com"}, {"rating": 3, "comment": "Poor quality!", "date": "2024-05-23T08:56:21.620Z", "reviewerName": "Jonathan Pierce", "reviewerEmail": "jonathan.pierce@x.dummyjson.com"}, {"rating": 5, "comment": "Would buy again!", "date": "2024-05-23T08:56:21.620Z", "reviewerName": "Alexander Hernandez", "reviewerEmail": "alexander.hernandez@x.dummyjson.com"}]',60 days return policy,2,2024-05-23T08:56:21.620Z,2024-05-23T08:56:21.620Z,6707669443381,https://dummyjson.com/public/qr-code.png,["https://cdn.dummyjson.com/products/images/groceries/Cooking%20Oil/1.png"],https://cdn.dummyjson.com/products/images/groceries/Cooking%20Oil/thumbnail.png
21,Cucumber,'Crisp and hydrating cucumbers, ideal for salads, snacks, or as a refreshing side.',groceries,1.49,11.44,4.71,22,["vegetables"],6KGF2K6Z,9,11.04,20.5,8.18,5 year warranty,Ships overnight,In Stock,'[{"rating": 4, "comment": "Very satisfied!", "date": "2024-05-23T08:56:21.620Z", "reviewerName": "Elijah Hill", "reviewerEmail": "elijah.hill@x.dummyjson.com"}, {"rating": 5, "comment": "Fast shipping!", "date": "2024-05-23T08:56:21.620Z", "reviewerName": "Liam Garcia", "reviewerEmail": "liam.garcia@x.dummyjson.com"}, {"rating": 4, "comment": "Excellent quality!", "date": "2024-05-23T08:56:21.620Z", "reviewerName": "Ella Cook", "reviewerEmail": "ella.cook@x.dummyjson.com"}]',30 days return policy,7,2024-05-23T08:56:21.620Z,2024-05-23T08:56:21.620Z,2597004869708,https://dummyjson.com/public/qr-code.png,["https://cdn.dummyjson.com/products/images/groceries/Cucumber/1.png"],https://cdn.dummyjson.com/products/images/groceries/Cucumber/thumbnail.png
22,Dog Food,Specially formulated dog food designed to provide essential nutrients for your canine companion.,groceries,10.99,18.15,2.74,40,'["pet supplies", "dog food"]',A6QRCH37,2,29.39,29.77,20.54,1 year warranty,Ships in 1 month,In Stock,'[{"rating": 5, "comment": "Highly impressed!", "date": "2024-05-23T08:56:21.620Z", "reviewerName": "Leo Rivera", "reviewerEmail": "leo.rivera@x.dummyjson.com"}, {"rating": 4, "comment": "Highly recommended!", "date": "2024-05-23T08:56:21.620Z", "reviewerName": "Alexander Jones", "reviewerEmail": "alexander.jones@x.dummyjson.com"}, {"rating": 4, "comment": "Would buy again!", "date": "2024-05-23T08:56:21.620Z", "reviewerName": "Addison Wright", "reviewerEmail": "addison.wright@x.dummyjson.com"}]',90 days return policy,29,2024-05-23T08:56:21.620Z,2024-05-23T08:56:21.620Z,7957222289508,https://dummyjson.com/public/qr-code.png,["https://cdn.dummyjson.com/products/images/groceries/Dog%20Food/1.png"],https://cdn.dummyjson.com/products/images/groceries/Dog%20Food/thumbnail.png
23,Eggs,'Fresh eggs, a versatile ingredient for baking, cooking, or breakfast.',groceries,2.99,5.8,4.46,10,["dairy"],YA617RI7,4,12.3,10.99,15.53,3 year warranty,Ships overnight,In Stock,'[{"rating": 2, "comment": "Very unhappy with my purchase!", "date": "2024-05-23T08:56:21.620Z", "reviewerName": "Mateo Perez", "reviewerEmail": "mateo.perez@x.dummyjson.com"}, {"rating": 4, "comment": "Very happy with my purchase!", "date": "2024-05-23T08:56:21.620Z", "reviewerName": "Cameron Perez", "reviewerEmail": "cameron.perez@x.dummyjson.com"}, {"rating": 5, "comment": "Very happy with my purchase!", "date": "2024-05-23T08:56:21.620Z", "reviewerName": "Aurora Barnes", "reviewerEmail": "aurora.barnes@x.dummyjson.com"}]',30 days return policy,43,2024-05-23T08:56:21.620Z,2024-05-23T08:56:21.620Z,7095702028776,https://dummyjson.com/public/qr-code.png,["https://cdn.dummyjson.com/products/images/groceries/Eggs/1.png"],https://cdn.dummyjson.com/products/images/groceries/Eggs/thumbnail.png
24,Fish Steak,'Quality fish steak, suitable for grilling, baking, or pan-searing.',groceries,14.99,7,4.83,99,["seafood"],XNIH1MTA,8,20.14,8.4,10.01,1 year warranty,Ships in 1 month,In Stock,'[{"rating": 5, "comment": "Great value for money!", "date": "2024-05-23T08:56:21.620Z", "reviewerName": "Michael Johnson", "reviewerEmail": "michael.johnson@x.dummyjson.com"}, {"rating": 4, "comment": "Would buy again!", "date": "2024-05-23T08:56:21.620Z", "reviewerName": "Julian Newton", "reviewerEmail": "julian.newton@x.dummyjson.com"}, {"rating": 5, "comment": "Excellent quality!", "date": "2024-05-23T08:56:21.620Z", "reviewerName": "Lila Hudson", "reviewerEmail": "lila.hudson@x.dummyjson.com"}]',30 days return policy,49,2024-05-23T08:56:21.620Z,2024-05-23T08:56:21.620Z,4250692197342,https://dummyjson.com/public/qr-code.png,["https://cdn.dummyjson.com/products/images/groceries/Fish%20Steak/1.png"],https://cdn.dummyjson.com/products/images/groceries/Fish%20Steak/thumbnail.png
25,Green Bell Pepper,'Fresh and vibrant green bell pepper, perfect for adding color and flavor to your dishes.',groceries,1.29,15.5,4.28,89,["vegetables"],HU7S7VQ0,7,7.32,14.31,21.38,5 year warranty,Ships overnight,In Stock,'[{"rating": 4, "comment": "Excellent quality!", "date": "2024-05-23T08:56:21.620Z", "reviewerName": "Maya Reed", "reviewerEmail": "maya.reed@x.dummyjson.com"}, {"rating": 4, "comment": "Would buy again!", "date": "2024-05-23T08:56:21.620Z", "reviewerName": "Madison Collins", "reviewerEmail": "madison.collins@x.dummyjson.com"}, {"rating": 5, "comment": "Would buy again!", "date": "2024-05-23T08:56:21.620Z", "reviewerName": "Ethan Thompson", "reviewerEmail": "ethan.thompson@x.dummyjson.com"}]',30 days return policy,1,2024-05-23T08:56:21.620Z,2024-05-23T08:56:21.620Z,7583442707568,https://dummyjson.com/public/qr-code.png,["https://cdn.dummyjson.com/products/images/groceries/Green%20Bell%20Pepper/1.png"],https://cdn.dummyjson.com/products/images/groceries/Green%20Bell%20Pepper/thumbnail.png
26,Green Chili Pepper,'Spicy green chili pepper, ideal for adding heat to your favorite recipes.',groceries,0.99,18.51,4.43,8,["vegetables"],Y4RM3JCB,2,18.67,21.17,25.26,No warranty,Ships in 1-2 business days,In Stock,'[{"rating": 2, "comment": "Disappointing product!", "date": "2024-05-23T08:56:21.620Z", "reviewerName": "Mateo Bennett", "reviewerEmail": "mateo.bennett@x.dummyjson.com"}, {"rating": 5, "comment": "Very pleased!", "date": "2024-05-23T08:56:21.620Z", "reviewerName": "Natalie Price", "reviewerEmail": "natalie.price@x.dummyjson.com"}, {"rating": 4, "comment": "Very satisfied!", "date": "2024-05-23T08:56:21.620Z", "reviewerName": "Avery Barnes", "reviewerEmail": "avery.barnes@x.dummyjson.com"}]',30 days return policy,43,2024-05-23T08:56:21.620Z,2024-05-23T08:56:21.620Z,8400326844874,https://dummyjson.com/public/qr-code.png,["https://cdn.dummyjson.com/products/images/groceries/Green%20Chili%20Pepper/1.png"],https://cdn.dummyjson.com/products/images/groceries/Green%20Chili%20Pepper/thumbnail.png
27,Honey Jar,'Pure and natural honey in a convenient jar, perfect for sweetening beverages or drizzling over food.',groceries,6.99,1.91,3.5,25,["condiments"],BTBNIIOU,9,26.53,27.11,6.63,2 year warranty,Ships overnight,In Stock,'[{"rating": 4, "comment": "Fast shipping!", "date": "2024-05-23T08:56:21.620Z", "reviewerName": "Nicholas Bailey", "reviewerEmail": "nicholas.bailey@x.dummyjson.com"}, {"rating": 5, "comment": "Awesome product!", "date": "2024-05-23T08:56:21.620Z", "reviewerName": "Gabriel Hayes", "reviewerEmail": "gabriel.hayes@x.dummyjson.com"}, {"rating": 5, "comment": "Highly impressed!", "date": "2024-05-23T08:56:21.620Z", "reviewerName": "James Garcia", "reviewerEmail": "james.garcia@x.dummyjson.com"}]',90 days return policy,1,2024-05-23T08:56:21.620Z,2024-05-23T08:56:21.620Z,0668665656044,https://dummyjson.com/public/qr-code.png,["https://cdn.dummyjson.com/products/images/groceries/Honey%20Jar/1.png"],https://cdn.dummyjson.com/products/images/groceries/Honey%20Jar/thumbnail.png
28,Ice Cream,'Creamy and delicious ice cream, available in various flavors for a delightful treat.',groceries,5.49,7.58,3.77,76,["desserts"],VEZMU1EQ,5,17.66,24.49,25.98,2 year warranty,Ships in 2 weeks,In Stock,'[{"rating": 5, "comment": "Great product!", "date": "2024-05-23T08:56:21.620Z", "reviewerName": "Elena Baker", "reviewerEmail": "elena.baker@x.dummyjson.com"}, {"rating": 5, "comment": "Highly impressed!", "date": "2024-05-23T08:56:21.620Z", "reviewerName": "Madeline Simpson", "reviewerEmail": "madeline.simpson@x.dummyjson.com"}, {"rating": 5, "comment": "Very happy with my purchase!", "date": "2024-05-23T08:56:21.620Z", "reviewerName": "Caleb Nelson", "reviewerEmail": "caleb.nelson@x.dummyjson.com"}]',No return policy,19,2024-05-23T08:56:21.620Z,2024-05-23T08:56:21.620Z,9603960319256,https://dummyjson.com/public/qr-code.png,'["https://cdn.dummyjson.com/products/images/groceries/Ice%20Cream/1.png", "https://cdn.dummyjson.com/products/images/groceries/Ice%20Cream/2.png", "https://cdn.dummyjson.com/products/images/groceries/Ice%20Cream/3.png", "https://cdn.dummyjson.com/products/images/groceries/Ice%20Cream/4.png"]',https://cdn.dummyjson.com/products/images/groceries/Ice%20Cream/thumbnail.png
29,Juice,'Refreshing fruit juice, packed with vitamins and great for staying hydrated.',groceries,3.99,5.45,3.41,99,["beverages"],M2K19S06,2,8.97,12.26,15.05,1 week warranty,Ships in 1-2 business days,In Stock,'[{"rating": 4, "comment": "Very satisfied!", "date": "2024-05-23T08:56:21.620Z", "reviewerName": "Leo Rivera", "reviewerEmail": "leo.rivera@x.dummyjson.com"}, {"rating": 2, "comment": "Not worth the price!", "date": "2024-05-23T08:56:21.620Z", "reviewerName": "Ethan Martinez", "reviewerEmail": "ethan.martinez@x.dummyjson.com"}, {"rating": 4, "comment": "Excellent quality!", "date": "2024-05-23T08:56:21.620Z", "reviewerName": "Max Parker", "reviewerEmail": "max.parker@x.dummyjson.com"}]',90 days return policy,26,2024-05-23T08:56:21.620Z,2024-05-23T08:56:21.620Z,8546824122355,https://dummyjson.com/public/qr-code.png,["https://cdn.dummyjson.com/products/images/groceries/Juice/1.png"],https://cdn.dummyjson.com/products/images/groceries/Juice/thumbnail.png
30,Kiwi,'Nutrient-rich kiwi, perfect for snacking or adding a tropical twist to your dishes.',groceries,2.49,10.32,4.37,1,["fruits"],0X3NORB9,8,27.3,7.48,15.08,6 months warranty,Ships in 3-5 business days,Low Stock,'[{"rating": 5, "comment": "Very pleased!", "date": "2024-05-23T08:56:21.620Z", "reviewerName": "Nora Russell", "reviewerEmail": "nora.russell@x.dummyjson.com"}, {"rating": 5, "comment": "Very pleased!", "date": "2024-05-23T08:56:21.620Z", "reviewerName": "Dylan Wells", "reviewerEmail": "dylan.wells@x.dummyjson.com"}, {"rating": 5, "comment": "Great product!", "date": "2024-05-23T08:56:21.620Z", "reviewerName": "Noah Hernandez", "reviewerEmail": "noah.hernandez@x.dummyjson.com"}]',7 days return policy,8,2024-05-23T08:56:21.620Z,2024-05-23T08:56:21.620Z,3325493172934,https://dummyjson.com/public/qr-code.png,["https://cdn.dummyjson.com/products/images/groceries/Kiwi/1.png"],https://cdn.dummyjson.com/products/images/groceries/Kiwi/thumbnail.png
